-- USERS
CREATE TABLE USERS (
    ID SERIAL PRIMARY KEY,
    USERNAME VARCHAR(32) UNIQUE NOT NULL,
    PW VARCHAR(256) UNIQUE NOT NULL,
    LAST_NAME VARCHAR(32) NOT NULL,
    FIRST_NAME VARCHAR(32) NOT NULL,
    EMAIL VARCHAR(32) NOT NULL,
    BIRTH_DATE TIMESTAMP NOT NULL,
    CREATED_DATE TIMESTAMP,
    UPDATED_DATE TIMESTAMP,
    LAST_LOGGED_IN TIMESTAMP
);

INSERT INTO USERS (ID, USERNAME, PW, LAST_NAME, FIRST_NAME, EMAIL, BIRTH_DATE) VALUES 
(1000, 'jsmith', '7zxDfRvowTTy6E5J','Smith', 'John', 'jsmith@foo.com', current_timestamp);
INSERT INTO USERS (ID, USERNAME, PW, LAST_NAME, FIRST_NAME, EMAIL, BIRTH_DATE) VALUES 
(1001, 'mboyer', 'W3I7bQ4Klpe7mClX', 'Boyer', 'Matt', 'mboyer87@gmail.com', current_timestamp);
INSERT INTO USERS (ID, USERNAME, PW, LAST_NAME, FIRST_NAME, EMAIL, BIRTH_DATE) VALUES 
(1002, 'testuser', 'torvyqSOcb6zZx0e', 'User', 'Test', 'testUser@foo.bar', current_timestamp);
INSERT INTO USERS (ID, USERNAME, PW, LAST_NAME, FIRST_NAME, EMAIL, BIRTH_DATE) VALUES 
(1003, 'treyob', '1CgWI7l33Kir0IgR', 'Reyob', 'Ttam', 'ttamreyob@gmail.com', current_timestamp);

-- DECISION
CREATE TABLE DECISION (
    ID INTEGER UNIQUE PRIMARY KEY NOT NULL,
    NAME VARCHAR(32) NOT NULL
);

INSERT INTO DECISION VALUES (1, 'TEST DECISION 1');
INSERT INTO DECISION VALUES (2, 'TEST DECISION 2');
INSERT INTO DECISION VALUES (3, 'TEST DECISION 3');
INSERT INTO DECISION VALUES (4, 'TEST DECISION 4');
INSERT INTO DECISION VALUES (5, 'TEST DECISION 5');

-- ROLE
CREATE TABLE ROLE (
    ID INTEGER UNIQUE PRIMARY KEY NOT NULL,
    NAME VARCHAR(32) UNIQUE NOT NULL
);

INSERT INTO ROLE VALUES (1, 'USER');
INSERT INTO ROLE VALUES (2, 'ADMIN');

-- USER_ROLES
CREATE TABLE USER_ROLES (
    USER_ID SERIAL REFERENCES USERS(ID) NOT NULL,
    ROLE_ID INTEGER REFERENCES ROLE(ID) NOT NULL
);

INSERT INTO USER_ROLES VALUES (1000, 1);
INSERT INTO USER_ROLES VALUES (1000, 2);
INSERT INTO USER_ROLES VALUES (1001, 1);
INSERT INTO USER_ROLES VALUES (1002, 1);
INSERT INTO USER_ROLES VALUES (1003, 1);

-- DECISION_USERS
CREATE TABLE DECISION_USERS (
    DECISION_ID INTEGER REFERENCES DECISION(ID) NOT NULL,
    USER_ID INTEGER REFERENCES USERS(ID) NOT NULL
);

INSERT INTO DECISION_USERS VALUES (1, 1000);
INSERT INTO DECISION_USERS VALUES (2, 1000);
INSERT INTO DECISION_USERS VALUES (2, 1001);
INSERT INTO DECISION_USERS VALUES (2, 1002);
INSERT INTO DECISION_USERS VALUES (2, 1003);
INSERT INTO DECISION_USERS VALUES (3, 1001);
INSERT INTO DECISION_USERS VALUES (4, 1000);
INSERT INTO DECISION_USERS VALUES (5, 1000);
INSERT INTO DECISION_USERS VALUES (5, 1001);
